HARNESS_ORE_NAME	Regional Ore
HARNESS_ORE_DESC	Regional ore description
REGIONAL_SWORD	Regional Sword
REGIONAL_STAFF	Regional Staff
REGIONAL_ARMOR	Regional Armor
REGIONAL_CARD	Regional Card
REGIONAL_COLLECTION	Regional Collection
REGIONAL_ITEM_DESC	Regional additional item
REGIONAL_FIRE	Regional Fire
REGIONAL_FIRE_DESC	Regional fire description
REGIONAL_SUPPORT	Regional Support
REGIONAL_MAGE	Regional Mage
REGIONAL_MAGE_DESC	Regional mage description
HARNESS_FIELD_NAME	Regional Field
HARNESS_ATTR_NAME	Regional Fire Boost
HARNESS_BUFF_NAME	Regional Shield Buff
HARNESS_BUFF_DESC	Regional shield description
