ITEM_20150317_000012	One-handed Sword [Slash]	한손검[베기]			
ITEM_20150317_000977	Top [Cloth]	상의[천]			
ITEM_20150317_001291	Necklace	목걸이			
ITEM_20150317_001381	Bracelet	팔찌			
ITEM_20150317_001972	Card	카드			
ITEM_20150317_002103	Item obtained from a monster.	몬스터에게서 얻는 아이템			
ITEM_20200129_025252	Weapon Ornament	무기장식			
ITEM_20230904_028637	A material that becomes the ingredient of a special item.	특수한 아이템의 재료가 되는 소재입니다.				
ITEM_20250826_029162	Superior Blessed Shard	최고급 축복받은 조각				
ITEM_20250826_029163	Eltas Powder	엘타스 가루				
ITEM_20250826_029164	Shines brightly in response to magical light, serving as a sacred offering and a material for blessings.{nl} {nl}Used: Item Crafting	마법의 빛에 반응해 더욱 강렬하게 빛나며, 신성한 의식이나 축복의 재료로 사용됩니다.{nl} {nl}사용처: 아이템 가공				
ITEM_20260828_029248	Selas Powder	셀라스 가루
